260,5530,12.489
260.38,5534,12.494
260.75,5538,12.498
261.13,5542,12.503
261.51,5546,12.507
261.88,5550,12.512
262.26,5554,12.516
262.64,5558,12.521
263.01,5561.9,12.525
263.39,5565.9,12.529
263.77,5569.9,12.534
264.14,5573.9,12.538
264.52,5577.8,12.543
264.89,5581.8,12.547
265.27,5585.8,12.552
265.65,5589.8,12.556
266.02,5593.7,12.56
266.4,5597.7,12.565
266.77,5601.7,12.569
267.15,5605.6,12.574
267.52,5609.6,12.578
267.9,5613.6,12.582
268.28,5617.5,12.587
268.65,5621.4,12.591
269.03,5625.4,12.595
269.4,5629.3,12.6
269.78,5633.3,12.604
270.16,5637.3,12.608
270.55,5641.3,12.613
270.94,5645.4,12.618
271.32,5649.4,12.622
271.71,5653.5,12.627
272.1,5657.6,12.631
272.49,5661.6,12.635
272.88,5665.6,12.64
273.27,5669.7,12.644
273.66,5673.7,12.649
274.05,5677.7,12.653
274.43,5681.8,12.658
274.82,5685.8,12.662
275.21,5689.8,12.667
275.6,5693.9,12.671
275.99,5697.9,12.676
276.38,5701.9,12.68
276.76,5705.9,12.684
277.15,5709.9,12.689
277.54,5714,12.693
277.93,5718,12.698
278.31,5722,12.702
278.7,5726,12.706
279.09,5730,12.711
279.48,5734,12.715
279.87,5738,12.72
280.26,5742.1,12.724
280.66,5746.2,12.729
281.06,5750.3,12.733
281.47,5754.4,12.738
281.87,5758.5,12.742
282.27,5762.6,12.747
282.67,5766.7,12.751
283.07,5770.8,12.756
283.47,5774.9,12.76
283.87,5779,12.765
284.27,5783.1,12.769
284.67,5787.2,12.774
285.07,5791.3,12.778
285.48,5795.4,12.783
285.88,5799.5,12.787
286.28,5803.5,12.792
286.68,5807.6,12.796
287.08,5811.7,12.801
287.48,5815.7,12.805
287.88,5819.8,12.809
288.28,5823.9,12.814
288.68,5828,12.818
289.08,5832,12.823
289.48,5836.1,12.827
289.88,5840.2,12.832
290.29,5844.3,12.836
290.7,5848.4,12.841
291.11,5852.6,12.845
291.53,5856.8,12.85
291.94,5860.9,12.854
292.35,5865.1,12.859
292.77,5869.2,12.863
293.18,5873.4,12.868
293.59,5877.6,12.873
294.01,5881.7,12.877
294.42,5885.9,12.882
294.83,5890,12.886
295.25,5894.1,12.891
295.66,5898.3,12.895
296.07,5902.4,12.9
296.48,5906.5,12.904
296.9,5910.7,12.909
297.31,5914.8,12.913
297.72,5918.9,12.918
298.13,5923.1,12.922
298.55,5927.2,12.927
298.96,5931.3,12.931
299.37,5935.4,12.935
299.78,5939.5,12.94
300.2,5943.7,12.944
300.63,5947.9,12.949
301.05,5952.1,12.954
301.48,5956.4,12.958
301.9,5960.6,12.963
302.33,5964.8,12.967
302.76,5969,12.972
303.18,5973.2,12.977
303.61,5977.4,12.981
304.03,5981.6,12.986
304.46,5985.8,12.99
304.88,5990,12.995
305.31,5994.2,12.999
305.73,5998.4,13.004
306.16,6002.6,13.008
306.58,6006.8,13.013
307.01,6011,13.017
307.43,6015.2,13.022
307.86,6019.4,13.026
308.28,6023.6,13.031
308.71,6027.7,13.035
309.13,6031.9,13.04
309.55,6036,13.044
309.98,6040.2,13.049
310.42,6044.5,13.054
310.85,6048.8,13.058
311.29,6053,13.063
311.73,6057.3,13.067
312.17,6061.6,13.072
312.6,6065.9,13.077
313.04,6070.1,13.081
313.48,6074.4,13.086
313.92,6078.6,13.09
314.35,6082.9,13.095
314.79,6087.1,13.1
315.23,6091.4,13.104
315.67,6095.6,13.109
316.1,6099.9,13.113
316.54,6104.1,13.118
316.98,6108.4,13.122
317.41,6112.6,13.127
317.85,6116.9,13.132
318.29,6121.1,13.136
318.72,6125.3,13.141
319.16,6129.5,13.145
319.6,6133.8,13.15
320.03,6138,13.154
320.48,6142.3,13.159
320.93,6146.6,13.163
321.38,6151,13.168
321.83,6155.3,13.173
322.28,6159.6,13.177
322.73,6164,13.182
323.18,6168.3,13.187
323.63,6172.6,13.191
324.08,6176.9,13.196
324.53,6181.2,13.2
324.98,6185.5,13.205
325.43,6189.8,13.21
325.88,6194.1,13.214
326.33,6198.4,13.219
326.78,6202.7,13.224
327.23,6207,13.228
327.68,6211.3,13.233
328.13,6215.6,13.237
328.57,6219.8,13.242
329.02,6224.1,13.246
329.47,6228.4,13.251
329.92,6232.7,13.255
330.38,6237,13.26
330.84,6241.4,13.265
331.3,6245.8,13.269
331.77,6250.2,13.274
332.23,6254.6,13.279
332.69,6258.9,13.284
333.15,6263.3,13.288
333.61,6267.7,13.293
334.07,6272,13.297
334.54,6276.4,13.302
335,6280.7,13.307
335.46,6285.1,13.311
335.92,6289.4,13.316
336.38,6293.8,13.321
336.84,6298.2,13.325
337.3,6302.5,13.33
337.76,6306.9,13.334
338.22,6311.2,13.339
338.69,6315.5,13.344
339.15,6319.9,13.348
339.61,6324.2,13.353
340.07,6328.5,13.357
340.54,6333,13.362
341.02,6337.4,13.367
341.49,6341.8,13.372
341.97,6346.3,13.376
342.44,6350.7,13.381
342.91,6355.1,13.386
343.39,6359.5,13.39
343.86,6363.9,13.395
344.33,6368.3,13.4
344.81,6372.7,13.404
345.28,6377.2,13.409
345.75,6381.6,13.414
346.23,6386,13.418
346.7,6390.4,13.423
347.17,6394.8,13.428
347.65,6399.2,13.432
348.12,6403.6,13.437
348.59,6408,13.442
349.06,6412.3,13.446
349.54,6416.7,13.451
350.01,6421.1,13.455
350.5,6425.6,13.46
350.98,6430.1,13.465
351.47,6434.6,13.47
351.95,6439.1,13.474
352.44,6443.5,13.479
352.93,6448,13.484
353.41,6452.5,13.489
353.9,6456.9,13.493
354.38,6461.4,13.498
354.87,6465.8,13.503
355.35,6470.3,13.507
355.84,6474.8,13.512
356.32,6479.2,13.517
356.81,6483.7,13.521
357.29,6488.1,13.526
357.78,6492.6,13.531
358.26,6497,13.535
358.75,6501.5,13.54
359.23,6505.9,13.545
359.72,6510.3,13.549
360.21,6514.8,13.554
360.7,6519.3,13.559
361.2,6523.9,13.564
361.7,6528.4,13.568
362.2,6532.9,13.573
362.7,6537.5,13.578
363.19,6542,13.583
363.69,6546.5,13.587
364.19,6551,13.592
364.69,6555.5,13.597
365.18,6560,13.602
365.68,6564.5,13.606
366.18,6569,13.611
366.67,6573.5,13.616
367.17,6578,13.62
367.67,6582.6,13.625
368.16,6587.1,13.63
368.66,6591.6,13.635
369.16,6596,13.639
369.65,6600.5,13.644
370.15,6605,13.649
370.66,6609.6,13.653
371.17,6614.2,13.658
371.68,6618.8,13.663
372.19,6623.3,13.668
372.7,6627.9,13.673
373.21,6632.5,13.677
373.72,6637.1,13.682
374.23,6641.6,13.687
374.74,6646.2,13.692
375.25,6650.7,13.696
375.76,6655.3,13.701
376.27,6659.8,13.706
376.78,6664.4,13.711
377.29,6669,13.715
377.79,6673.5,13.72
378.3,6678.1,13.725
378.81,6682.6,13.73
379.32,6687.2,13.734
379.83,6691.7,13.739
380.35,6696.3,13.744
380.87,6700.9,13.749
381.39,6705.5,13.753
381.91,6710.2,13.758
382.43,6714.8,13.763
382.95,6719.4,13.768
383.47,6724,13.773
384,6728.7,13.777
384.52,6733.3,13.782
385.04,6737.9,13.787
385.56,6742.5,13.792
386.08,6747.1,13.797
386.6,6751.7,13.801
387.12,6756.3,13.806
387.64,6760.9,13.811
388.16,6765.5,13.816
388.68,6770.1,13.82
389.2,6774.7,13.825
389.72,6779.3,13.83
390.25,6783.9,13.835
390.78,6788.6,13.839
391.32,6793.2,13.844
391.85,6797.9,13.849
392.38,6802.6,13.854
392.91,6807.2,13.859
393.45,6811.9,13.864
393.98,6816.6,13.869
394.51,6821.2,13.873
395.05,6825.9,13.878
395.58,6830.6,13.883
396.11,6835.2,13.888
396.64,6839.9,13.893
397.18,6844.5,13.897
397.71,6849.1,13.902
398.24,6853.8,13.907
398.77,6858.4,13.912
399.31,6863.1,13.916
399.84,6867.7,13.921
400.38,6872.4,13.926
400.92,6877.2,13.931
401.47,6881.9,13.936
402.01,6886.6,13.941
402.56,6891.3,13.946
403.1,6896,13.95
403.65,6900.7,13.955
404.19,6905.4,13.96
404.74,6910.2,13.965
405.28,6914.9,13.97
405.83,6919.6,13.975
406.37,6924.3,13.98
406.92,6929,13.984
407.46,6933.7,13.989
408,6938.4,13.994
408.55,6943,13.999
409.09,6947.7,14.004
409.63,6952.4,14.008
410.18,6957.1,14.013
410.74,6961.9,14.018
411.3,6966.7,14.023
411.85,6971.5,14.028
412.41,6976.2,14.033
412.97,6981,14.038
413.52,6985.7,14.043
414.08,6990.5,14.047
414.64,6995.3,14.052
415.19,7000,14.057
415.75,7004.8,14.062
416.3,7009.5,14.067
416.86,7014.3,14.072
417.42,7019,14.077
417.97,7023.8,14.082
418.53,7028.5,14.086
419.08,7033.2,14.091
419.64,7038,14.096
420.2,7042.7,14.101
420.77,7047.5,14.106
421.34,7052.4,14.111
421.9,7057.2,14.116
422.47,7062,14.121
423.04,7066.8,14.126
423.61,7071.6,14.13
424.18,7076.4,14.135
424.74,7081.2,14.14
425.31,7086,14.145
425.88,7090.8,14.15
426.45,7095.6,14.155
427.02,7100.4,14.16
427.58,7105.2,14.165
428.15,7110,14.169
428.72,7114.8,14.174
429.29,7119.6,14.179
429.85,7124.4,14.184
430.43,7129.2,14.189
431.01,7134.1,14.194
431.59,7138.9,14.199
432.17,7143.8,14.204
432.75,7148.6,14.209
433.33,7153.5,14.214
433.91,7158.3,14.219
434.49,7163.2,14.224
435.07,7168.1,14.229
435.65,7172.9,14.233
436.23,7177.7,14.238
436.81,7182.6,14.243
437.39,7187.4,14.248
437.96,7192.2,14.253
438.54,7197.1,14.258
439.12,7201.9,14.263
439.7,7206.7,14.268
440.29,7211.6,14.273
440.88,7216.5,14.278
441.47,7221.5,14.283
442.06,7226.3,14.288
442.65,7231.2,14.293
443.25,7236.1,14.298
443.84,7241,14.303
444.43,7245.9,14.308
445.02,7250.8,14.312
445.61,7255.7,14.317
446.2,7260.6,14.322
446.79,7265.5,14.327
447.38,7270.4,14.332
447.97,7275.3,14.337
448.56,7280.2,14.342
449.15,7285,14.347
449.74,7289.9,14.352
450.34,7294.8,14.357
450.95,7299.8,14.362
451.55,7304.7,14.367
452.15,7309.7,14.372
452.76,7314.7,14.377
453.36,7319.6,14.382
453.96,7324.5,14.387
454.56,7329.5,14.392
455.17,7334.4,14.397
455.77,7339.3,14.402
456.37,7344.3,14.407
456.98,7349.2,14.412
457.58,7354.1,14.417
458.18,7359.1,14.422
458.78,7364,14.427
459.38,7368.9,14.432
459.99,7373.8,14.436
460.6,7378.8,14.442
461.22,7383.8,14.447
461.83,7388.8,14.452
462.45,7393.8,14.457
463.06,7398.8,14.462
463.67,7403.8,14.467
464.29,7408.8,14.472
464.9,7413.8,14.477
465.52,7418.8,14.482
466.13,7423.8,14.487
466.75,7428.7,14.492
467.36,7433.7,14.497
467.97,7438.7,14.502
468.59,7443.6,14.507
469.2,7448.6,14.512
469.81,7453.6,14.517
470.44,7458.6,14.522
471.06,7463.7,14.527
471.69,7468.7,14.532
472.32,7473.7,14.537
472.94,7478.8,14.542
473.57,7483.8,14.547
474.19,7488.8,14.552
474.82,7493.9,14.557
475.45,7498.9,14.562
476.07,7503.9,14.567
476.7,7508.9,14.572
477.32,7514,14.577
477.95,7519,14.582
478.57,7524,14.587
479.2,7529,14.592
479.82,7534,14.597
480.46,7539.1,14.602
481.1,7544.2,14.607
481.73,7549.3,14.612
482.37,7554.3,14.617
483.01,7559.4,14.622
483.65,7564.5,14.627
484.28,7569.6,14.633
484.92,7574.7,14.638
485.56,7579.7,14.643
486.2,7584.8,14.648
486.83,7589.9,14.653
487.47,7594.9,14.658
488.11,7600,14.663
488.74,7605,14.668
489.38,7610.1,14.673
490.02,7615.2,14.678
490.67,7620.3,14.683
491.32,7625.4,14.688
491.96,7630.6,14.693
492.61,7635.7,14.698
493.26,7640.8,14.703
493.91,7645.9,14.708
494.56,7651,14.714
495.21,7656.2,14.719
495.86,7661.3,14.724
496.51,7666.4,14.729
497.16,7671.5,14.734
497.8,7676.6,14.739
498.45,7681.7,14.744
499.1,7686.8,14.749
499.75,7691.9,14.754
500.4,7697,14.759
501.06,7702.2,14.764
501.73,7707.4,14.769
502.39,7712.6,14.775
503.05,7717.8,14.78
503.71,7722.9,14.785
504.37,7728.1,14.79
505.03,7733.2,14.795
505.69,7738.4,14.8
506.35,7743.5,14.805
507.01,7748.7,14.81
507.67,7753.8,14.815
508.33,7759,14.821
508.99,7764.2,14.826
509.65,7769.3,14.831
510.31,7774.5,14.836
510.98,7779.7,14.841
511.66,7784.9,14.846
512.33,7790.1,14.851
513,7795.3,14.856
513.67,7800.5,14.862
514.34,7805.7,14.867
515.01,7810.9,14.872
515.69,7816.2,14.877
516.36,7821.4,14.882
517.03,7826.5,14.887
517.7,7831.7,14.892
518.37,7836.9,14.897
519.04,7842.1,14.903
519.71,7847.3,14.908
520.39,7852.5,14.913
521.07,7857.8,14.918
521.76,7863,14.923
522.44,7868.3,14.928
523.12,7873.6,14.934
523.81,7878.8,14.939
524.49,7884,14.944
525.17,7889.3,14.949
525.86,7894.5,14.954
526.54,7899.8,14.959
527.22,7905,14.964
527.9,7910.2,14.97
528.59,7915.5,14.975
529.27,7920.7,14.98
529.95,7925.9,14.985
530.65,7931.2,14.99
531.34,7936.5,14.995
532.04,7941.8,15.001
532.73,7947.1,15.006
533.42,7952.4,15.011
534.12,7957.7,15.016
534.81,7963,15.021
535.51,7968.3,15.027
536.2,7973.6,15.032
536.9,7978.9,15.037
537.59,7984.1,15.042
538.28,7989.4,15.047
538.98,7994.7,15.052
539.67,7999.9,15.057
540.37,8005.3,15.063
541.08,8010.6,15.068
541.78,8016,15.073
542.49,8021.3,15.078
543.2,8026.6,15.084
543.9,8032,15.089
544.61,8037.3,15.094
545.31,8042.6,15.099
546.02,8047.9,15.104
546.72,8053.2,15.11
547.43,8058.6,15.115
548.13,8063.9,15.12
548.84,8069.2,15.125
549.54,8074.6,15.13
550.25,8079.9,15.136
550.97,8085.3,15.141
551.69,8090.6,15.146
552.41,8096,15.151
553.12,8101.4,15.157
553.84,8106.8,15.162
554.56,8112.1,15.167
555.27,8117.5,15.172
555.99,8122.9,15.178
556.71,8128.3,15.183
557.42,8133.6,15.188
558.14,8139,15.193
558.86,8144.3,15.198
559.57,8149.7,15.204
560.29,8155,15.209
561.02,8160.5,15.214
561.75,8165.9,15.219
562.48,8171.3,15.225
563.21,8176.8,15.23
563.94,8182.2,15.235
564.66,8187.6,15.24
565.39,8193,15.246
566.12,8198.4,15.251
566.85,8203.8,15.256
567.58,8209.2,15.261
568.3,8214.6,15.267
569.03,8220,15.272
569.76,8225.4,15.277
570.49,8230.9,15.282
571.23,8236.3,15.288
571.97,8241.8,15.293
572.71,8247.2,15.298
573.45,8252.7,15.304
574.19,8258.1,15.309
574.93,8263.6,15.314
575.67,8269,15.319
576.41,8274.5,15.325
577.15,8280,15.33
577.89,8285.4,15.335
578.63,8290.8,15.34
579.37,8296.2,15.346
580.11,8301.7,15.351
580.86,8307.2,15.356
581.61,8312.7,15.362
582.36,8318.2,15.367
583.11,8323.7,15.372
583.86,8329.2,15.378
584.61,8334.7,15.383
585.36,8340.2,15.388
586.11,8345.7,15.393
586.87,8351.2,15.399
587.62,8356.6,15.404
588.37,8362.1,15.409
589.12,8367.6,15.415
589.87,8373.1,15.42
590.63,8378.6,15.425
591.39,8384.2,15.431
592.15,8389.7,15.436
592.91,8395.2,15.441
593.67,8400.8,15.447
594.44,8406.3,15.452
595.2,8411.8,15.457
595.96,8417.4,15.463
596.72,8422.9,15.468
597.48,8428.4,15.473
598.24,8434,15.479
599.01,8439.5,15.484
599.77,8445,15.489
600.54,8450.5,15.494
601.31,8456.1,15.5
602.08,8461.7,15.505
602.86,8467.3,15.511
603.63,8472.9,15.516
604.4,8478.4,15.521
605.18,8484,15.527
605.95,8489.6,15.532
606.72,8495.2,15.537
607.49,8500.7,15.543
608.27,8506.3,15.548
609.04,8511.8,15.553
609.81,8517.4,15.559
610.59,8523,15.564
611.38,8528.6,15.569
612.16,8534.2,15.575
612.95,8539.9,15.58
613.73,8545.5,15.586
614.51,8551.1,15.591
615.3,8556.7,15.596
616.08,8562.3,15.602
616.87,8567.9,15.607
617.65,8573.5,15.612
618.43,8579.1,15.618
619.22,8584.7,15.623
620,8590.3,15.628
620.8,8596,15.634
621.59,8601.6,15.639
622.39,8607.3,15.645
623.18,8612.9,15.65
623.98,8618.6,15.655
624.77,8624.2,15.661
625.57,8629.9,15.666
626.36,8635.5,15.672
627.16,8641.2,15.677
627.95,8646.8,15.682
628.75,8652.5,15.688
629.54,8658.1,15.693
630.34,8663.8,15.698
631.15,8669.5,15.704
631.96,8675.2,15.709
632.76,8680.9,15.715
633.57,8686.6,15.72
634.38,8692.3,15.726
635.18,8697.9,15.731
635.99,8703.6,15.736
636.8,8709.3,15.742
637.6,8715,15.747
638.41,8720.6,15.753
639.21,8726.3,15.758
640.02,8732,15.763
640.84,8737.7,15.769
641.65,8743.5,15.774
642.47,8749.2,15.78
643.29,8755,15.785
644.11,8760.7,15.791
644.92,8766.4,15.796
645.74,8772.1,15.802
646.56,8777.8,15.807
647.38,8783.6,15.812
648.19,8789.3,15.818
649.01,8795,15.823
649.83,8800.7,15.829
650.65,8806.5,15.834
651.48,8812.3,15.84
652.31,8818,15.845
653.14,8823.8,15.851
653.97,8829.6,15.856
654.8,8835.3,15.862
655.63,8841.1,15.867
656.45,8846.9,15.872
657.28,8852.6,15.878
658.11,8858.4,15.883
658.94,8864.1,15.889
659.77,8869.9,15.894
660.6,8875.7,15.9
661.44,8881.5,15.905
662.28,8887.3,15.911
663.12,8893.1,15.916
663.96,8898.9,15.922
664.8,8904.7,15.927
665.64,8910.5,15.933
666.48,8916.3,15.938
667.32,8922.1,15.944
668.16,8927.9,15.949
669,8933.7,15.955
669.84,8939.5,15.96
670.68,8945.3,15.966
671.54,8951.2,15.971
672.39,8957,15.977
673.24,8962.9,15.982
674.09,8968.7,15.988
674.94,8974.6,15.993
675.79,8980.4,15.999
676.64,8986.2,16.004
677.49,8992.1,16.01
678.34,8997.9,16.015
679.19,9003.7,16.021
680.04,9009.6,16.026
680.9,9015.5,16.032
681.76,9021.3,16.037
682.62,9027.2,16.043
683.49,9033.1,16.048
684.35,9039,16.054
685.21,9044.8,16.059
686.07,9050.7,16.065
686.93,9056.6,16.07
687.79,9062.5,16.076
688.65,9068.4,16.081
689.51,9074.2,16.087
690.38,9080.1,16.092
691.25,9086,16.098
692.13,9091.9,16.103
693,9097.9,16.109
693.87,9103.8,16.115
694.74,9109.7,16.12
695.62,9115.6,16.126
696.49,9121.5,16.131
697.36,9127.4,16.137
698.23,9133.3,16.142
699.11,9139.2,16.148
699.98,9145.1,16.153
700.86,9151.1,16.159
701.74,9157.1,16.165
702.63,9163,16.17
703.51,9169,16.176
704.4,9174.9,16.181
705.28,9180.9,16.187
706.16,9186.8,16.192
707.05,9192.8,16.198
707.93,9198.7,16.204
708.81,9204.6,16.209
709.69,9210.6,16.215
710.58,9216.6,16.22
711.48,9222.6,16.226
712.37,9228.6,16.231
713.27,9234.6,16.237
714.16,9240.5,16.243
715.06,9246.5,16.248
715.95,9252.5,16.254
716.85,9258.5,16.259
717.74,9264.5,16.265
718.63,9270.5,16.271
719.53,9276.4,16.276
720.43,9282.5,16.282
721.33,9288.5,16.287
722.24,9294.5,16.293
723.14,9300.5,16.299
724.05,9306.5,16.304
724.95,9312.6,16.31
725.86,9318.6,16.315
726.76,9324.6,16.321
727.67,9330.7,16.327
728.57,9336.7,16.332
729.48,9342.7,16.338
730.39,9348.7,16.343
731.3,9354.8,16.349
732.22,9360.8,16.355
733.14,9366.9,16.36
734.05,9373,16.366
734.97,9379,16.372
735.89,9385.1,16.377
736.8,9391.2,16.383
737.72,9397.2,16.388
738.63,9403.2,16.394
739.55,9409.3,16.4
740.47,9415.4,16.405
741.4,9421.5,16.411
742.33,9427.6,16.417
743.25,9433.7,16.422
744.18,9439.8,16.428
745.11,9445.9,16.434
746.03,9452,16.439
746.96,9458,16.445
747.89,9464.1,16.451
748.81,9470.2,16.456
749.74,9476.3,16.462
750.67,9482.4,16.468
751.61,9488.6,16.473
752.55,9494.7,16.479
753.49,9500.9,16.485
754.43,9507,16.49
755.36,9513.1,16.496
756.3,9519.2,16.502
757.24,9525.4,16.507
758.18,9531.5,16.513
759.11,9537.6,16.519
760.05,9543.7,16.524
761,9549.9,16.53
761.95,9556.1,16.536
762.9,9562.3,16.541
763.85,9568.4,16.547
764.8,9574.6,16.553
765.75,9580.7,16.558
766.69,9586.9,16.564
767.64,9593.1,16.57
768.59,9599.2,16.576
769.54,9605.4,16.581
770.49,9611.6,16.587
771.45,9617.8,16.593
772.41,9624,16.598
773.37,9630.2,16.604
774.33,9636.4,16.61
775.29,9642.6,16.615
776.25,9648.8,16.621
777.21,9655,16.627
778.17,9661.2,16.633
779.13,9667.4,16.638
780.09,9673.6,16.644
781.06,9679.8,16.65
782.03,9686,16.655
783,9692.3,16.661
783.97,9698.5,16.667
784.94,9704.8,16.673
785.91,9711,16.678
786.88,9717.3,16.684
787.85,9723.5,16.69
788.82,9729.7,16.696
789.79,9735.9,16.701
790.77,9742.2,16.707
791.75,9748.5,16.713
792.73,9754.7,16.719
793.71,9761,16.724
794.7,9767.3,16.73
795.68,9773.6,16.736
796.66,9779.8,16.742
797.64,9786.1,16.747
798.62,9792.3,16.753
799.6,9798.6,16.759
800.59,9804.9,16.765
801.58,9811.2,16.77
802.57,9817.5,16.776
803.56,9823.9,16.782
804.55,9830.1,16.788
805.55,9836.4,16.794
806.54,9842.7,16.799
807.53,9849,16.805
808.52,9855.3,16.811
809.51,9861.6,16.817
810.51,9868,16.822
811.51,9874.3,16.828
812.52,9880.7,16.834
813.52,9887,16.84
814.52,9893.3,16.846
815.52,9899.7,16.851
816.53,9906,16.857
817.53,9912.3,16.863
818.53,9918.7,16.869
819.53,9925,16.874
820.54,9931.4,16.88
821.55,9937.7,16.886
822.57,9944.1,16.892
823.58,9950.5,16.898
824.59,9956.9,16.904
825.61,9963.2,16.909
826.62,9969.6,16.915
827.63,9976,16.921
828.65,9982.4,16.927
829.66,9988.7,16.933
830.68,9995.1,16.938
831.7,10002,16.944
832.73,10008,16.95
833.75,10014,16.956
834.78,10021,16.962
835.8,10027,16.968
836.82,10034,16.973
837.85,10040,16.979
838.87,10046,16.985
839.9,10053,16.991
840.93,10059,16.997
841.96,10066,17.003
843,10072,17.008
844.03,10079,17.014
845.07,10085,17.02
846.1,10091,17.026
847.14,10098,17.032
848.17,10104,17.038
849.21,10111,17.044
850.24,10117,17.049
851.29,10124,17.055
852.34,10130,17.061
853.38,10137,17.067
854.43,10143,17.073
855.47,10150,17.079
856.52,10156,17.085
857.56,10162,17.09
858.61,10169,17.096
859.65,10175,17.102
860.7,10182,17.108
861.76,10188,17.114
862.82,10195,17.12
863.87,10201,17.126
864.93,10208,17.132
865.99,10214,17.138
867.04,10221,17.143
868.1,10227,17.149
869.15,10234,17.155
870.21,10240,17.161
871.28,10247,17.167
872.34,10254,17.173
873.41,10260,17.179
874.48,10267,17.185
875.54,10273,17.191
876.61,10280,17.197
877.68,10286,17.202
878.74,10293,17.208
879.81,10299,17.214
880.89,10306,17.22
881.96,10312,17.226
883.04,10319,17.232
884.12,10326,17.238
885.2,10332,17.244
886.27,10339,17.25
887.35,10345,17.256
888.43,10352,17.262
889.5,10358,17.268
890.59,10365,17.274
891.68,10372,17.279
892.76,10378,17.285
893.85,10385,17.291
894.94,10391,17.297
896.03,10398,17.303
897.12,10405,17.309
898.2,10411,17.315
899.29,10418,17.321
900.38,10425,17.327
901.48,10431,17.333
902.58,10438,17.339
903.68,10444,17.345
904.78,10451,17.351
905.88,10458,17.357
906.97,10464,17.363
908.07,10471,17.369
909.17,10478,17.375
910.27,10484,17.381
911.38,10491,17.387
912.49,10498,17.393
913.6,10504,17.399
914.71,10511,17.405
915.82,10518,17.411
916.93,10524,17.417
918.04,10531,17.423
919.14,10538,17.429
920.25,10544,17.435
921.38,10551,17.441
922.5,10558,17.447
923.62,10564,17.453
924.73,10571,17.459
925.85,10578,17.465
926.97,10584,17.471
928.09,10591,17.477
929.21,10598,17.483
930.33,10605,17.489
931.47,10611,17.495
932.6,10618,17.501
933.73,10625,17.507
934.86,10632,17.513
935.99,10638,17.519
937.12,10645,17.525
938.25,10652,17.531
939.38,10658,17.537
940.51,10665,17.543
941.65,10672,17.549
942.79,10679,17.555
943.94,10685,17.561
945.08,10692,17.567
946.22,10699,17.573
947.36,10706,17.579
948.5,10713,17.585
949.64,10719,17.591
950.79,10726,17.597
951.94,10733,17.603
953.09,10740,17.609
954.24,10746,17.615
955.39,10753,17.621
956.54,10760,17.627
957.69,10767,17.633
958.85,10774,17.639
960,10780,17.645
961.16,10787,17.652
962.32,10794,17.658
963.48,10801,17.664
964.64,10808,17.67
965.81,10815,17.676
966.97,10821,17.682
968.13,10828,17.688
969.29,10835,17.694
970.46,10842,17.7
971.63,10849,17.706
972.8,10856,17.712
973.97,10863,17.718
975.15,10869,17.725
976.32,10876,17.731
977.49,10883,17.737
978.66,10890,17.743
979.84,10897,17.749
981.02,10904,17.755
982.2,10911,17.761
983.38,10917,17.767
984.57,10924,17.773
985.75,10931,17.779
986.93,10938,17.786
988.11,10945,17.792
989.3,10952,17.798
990.48,10959,17.804
991.68,10966,17.81
992.87,10973,17.816
994.06,10980,17.822
995.26,10987,17.828
996.45,10993,17.834
997.64,11000,17.841
998.84,11007,17.847
1000,11014,17.853
1001.2,11021,17.859
1002.4,11028,17.865
1003.6,11035,17.871
1004.8,11042,17.877
1006,11049,17.884
1007.3,11056,17.89
1008.5,11063,17.896
1009.7,11070,17.902
1010.9,11077,17.908
1012.1,11084,17.914
1013.3,11091,17.92
1014.5,11098,17.927
1015.7,11105,17.933
1016.9,11112,17.939
1018.2,11119,17.945
1019.4,11126,17.951
1020.6,11133,17.957
1021.8,11140,17.964
1023,11147,17.97
1024.3,11154,17.976
1025.5,11161,17.982
1026.7,11168,17.988
1027.9,11175,17.994
1029.2,11182,18.001
1030.4,11189,18.007
1031.6,11196,18.013
1032.9,11203,18.019
1034.1,11210,18.025
1035.3,11217,18.032
1036.6,11224,18.038
1037.8,11231,18.044
1039,11238,18.05
1040.3,11245,18.056
1041.5,11252,18.063
1042.8,11259,18.069
1044,11266,18.075
1045.3,11273,18.081
1046.5,11280,18.088
1047.7,11288,18.094
1049,11295,18.1
1050.2,11302,18.106
1051.5,11309,18.112
1052.8,11316,18.119
1054,11323,18.125
1055.3,11330,18.131
1056.5,11337,18.137
1057.8,11344,18.143
1059,11351,18.15
1060.3,11359,18.156
1061.6,11366,18.162
1062.8,11373,18.168
1064.1,11380,18.175
1065.4,11387,18.181
1066.6,11394,18.187
1067.9,11401,18.193
1069.2,11408,18.2
1070.4,11416,18.206
1071.7,11423,18.212
1073,11430,18.218
1074.3,11437,18.225
1075.5,11444,18.231
1076.8,11451,18.237
1078.1,11459,18.244
1079.4,11466,18.25
1080.6,11473,18.256
1081.9,11480,18.262
1083.2,11487,18.269
1084.5,11495,18.275
1085.8,11502,18.281
1087.1,11509,18.287
1088.4,11516,18.294
1089.6,11523,18.3
1090.9,11530,18.306
1092.2,11538,18.313
1093.5,11545,18.319
1094.8,11552,18.325
1096.1,11559,18.332
1097.4,11567,18.338
1098.7,11574,18.344
1100,11581,18.35
1101.3,11588,18.357
1102.6,11596,18.363
1103.9,11603,18.369
1105.3,11610,18.376
1106.6,11617,18.382
1107.9,11625,18.388
1109.2,11632,18.395
1110.5,11639,18.401
1111.8,11646,18.407
1113.1,11654,18.414
1114.4,11661,18.42
1115.8,11668,18.426
1117.1,11676,18.433
1118.4,11683,18.439
1119.7,11690,18.445
1121,11697,18.452
1122.4,11705,18.458
1123.7,11712,18.464
1125,11719,18.471
1126.4,11727,18.477
1127.7,11734,18.483
1129,11741,18.49
1130.3,11749,18.496
1131.7,11756,18.502
1133,11763,18.509
1134.4,11771,18.515
1135.7,11778,18.521
1137,11785,18.528
1138.4,11793,18.534
1139.7,11800,18.54
1141.1,11807,18.547
1142.4,11815,18.553
1143.8,11822,18.56
1145.1,11829,18.566
1146.5,11837,18.572
1147.8,11844,18.579
1149.2,11851,18.585
1150.5,11859,18.592
1151.9,11866,18.598
1153.2,11874,18.604
1154.6,11881,18.611
1155.9,11888,18.617
1157.3,11896,18.624
1158.7,11903,18.63
1160,11911,18.636
1161.4,11918,18.643
1162.8,11925,18.649
1164.1,11933,18.656
1165.5,11940,18.662
1166.9,11948,18.668
1168.2,11955,18.675
1169.6,11963,18.681
1171,11970,18.688
1172.4,11977,18.694
1173.7,11985,18.7
1175.1,11992,18.707
1176.5,12000,18.713
1177.9,12007,18.72
1179.3,12015,18.726
1180.6,12022,18.733
1182,12030,18.739
1183.4,12037,18.745
1184.8,12045,18.752
1186.2,12052,18.758
1187.6,12060,18.765
1189,12067,18.771
1190.4,12075,18.778
1191.8,12082,18.784
1193.2,12090,18.791
1194.6,12097,18.797
1196,12105,18.804
1197.4,12112,18.81
1198.8,12120,18.816
1200.2,12127,18.823
1201.6,12135,18.829
1203,12142,18.836
1204.4,12150,18.842
1205.8,12157,18.849
1207.2,12165,18.855
1208.6,12172,18.862
1210.1,12180,18.868
1211.5,12188,18.875
1212.9,12195,18.881
1214.3,12203,18.888
1215.7,12210,18.894
1217.2,12218,18.901
1218.6,12225,18.907
1220,12233,18.914
1221.4,12241,18.92
1222.9,12248,18.927
1224.3,12256,18.933
1225.7,12263,18.94
1227.2,12271,18.946
1228.6,12278,18.953
1230,12286,18.959
1231.5,12294,18.966
1232.9,12301,18.972
1234.3,12309,18.979
1235.8,12317,18.985
1237.2,12324,18.992
1238.7,12332,18.998
1240.1,12339,19.005
1241.6,12347,19.011
1243,12355,19.018
1244.5,12362,19.024
1245.9,12370,19.031
1247.4,12378,19.038
1248.8,12385,19.044
1250.3,12393,19.051
1251.7,12401,19.057
1253.2,12408,19.064
1254.6,12416,19.07
1256.1,12424,19.077
1257.6,12431,19.083
1259,12439,19.09
1260.5,12447,19.096
1262,12454,19.103
1263.4,12462,19.11
1264.9,12470,19.116
1266.4,12478,19.123
1267.8,12485,19.129
1269.3,12493,19.136
1270.8,12501,19.142
1272.3,12508,19.149
1273.8,12516,19.156
1275.2,12524,19.162
1276.7,12532,19.169
1278.2,12539,19.175
1279.7,12547,19.182
1281.2,12555,19.189
1282.7,12563,19.195
1284.2,12570,19.202
1285.7,12578,19.208
1287.1,12586,19.215
1288.6,12594,19.222
1290.1,12601,19.228
1291.6,12609,19.235
1293.1,12617,19.241
1294.6,12625,19.248
1296.1,12633,19.255
1297.6,12640,19.261
1299.1,12648,19.268
1300.6,12656,19.274
1302.2,12664,19.281
1303.7,12672,19.288
1305.2,12679,19.294
1306.7,12687,19.301
1308.2,12695,19.308
1309.7,12703,19.314
1311.2,12711,19.321
1312.8,12718,19.328
1314.3,12726,19.334
1315.8,12734,19.341
1317.3,12742,19.347
1318.8,12750,19.354
1320.4,12758,19.361
1321.9,12766,19.367
1323.4,12773,19.374
1325,12781,19.381
1326.5,12789,19.387
1328,12797,19.394
1329.6,12805,19.401
1331.1,12813,19.407
1332.6,12821,19.414
1334.2,12829,19.421
1335.7,12836,19.427
1337.3,12844,19.434
1338.8,12852,19.441
1340.4,12860,19.447
1341.9,12868,19.454
1343.5,12876,19.461
1345,12884,19.467
1346.6,12892,19.474
1348.1,12900,19.481
1349.7,12908,19.488
1351.2,12916,19.494
1352.8,12924,19.501
1354.4,12931,19.508
1355.9,12939,19.514
1357.5,12947,19.521
1359.1,12955,19.528
1360.6,12963,19.534
1362.2,12971,19.541
1363.8,12979,19.548
1365.3,12987,19.555
1366.9,12995,19.561
1368.5,13003,19.568
1370.1,13011,19.575
1371.6,13019,19.582
1373.2,13027,19.588
1374.8,13035,19.595
1376.4,13043,19.602
1378,13051,19.608
1379.5,13059,19.615
1381.1,13067,19.622
1382.7,13075,19.629
1384.3,13083,19.635
1385.9,13091,19.642
1387.5,13099,19.649
1389.1,13107,19.656
1390.7,13115,19.662
1392.3,13123,19.669
1393.9,13131,19.676
1395.5,13139,19.683
1397.1,13148,19.689
1398.7,13156,19.696
1400.3,13164,19.703
1401.9,13172,19.71
1403.5,13180,19.717
1405.2,13188,19.723
1406.8,13196,19.73
1408.4,13204,19.737
1410,13212,19.744
1411.6,13220,19.75
1413.2,13228,19.757
1414.9,13236,19.764
1416.5,13245,19.771
1418.1,13253,19.778
1419.7,13261,19.784
1421.4,13269,19.791
1423,13277,19.798
1424.6,13285,19.805
1426.3,13293,19.812
1427.9,13301,19.818
1429.5,13310,19.825
1431.2,13318,19.832
1432.8,13326,19.839
1434.4,13334,19.846
1436.1,13342,19.853
1437.7,13350,19.859
1439.4,13358,19.866
1441,13367,19.873
1442.7,13375,19.88
1444.3,13383,19.887
1446,13391,19.893
1447.6,13399,19.9
1449.3,13407,19.907
1450.9,13416,19.914
1452.6,13424,19.921
1454.3,13432,19.928
1455.9,13440,19.935
1457.6,13449,19.941
1459.3,13457,19.948
1460.9,13465,19.955
1462.6,13473,19.962
1464.3,13481,19.969
1465.9,13490,19.976
1467.6,13498,19.983
1469.3,13506,19.989
1471,13514,19.996
1472.7,13523,20.003
1474.3,13531,20.01
1476,13539,20.017
1477.7,13547,20.024
1479.4,13556,20.031
1481.1,13564,20.038
1482.8,13572,20.044
1484.5,13581,20.051
1486.1,13589,20.058
1487.8,13597,20.065
1489.5,13605,20.072
1491.2,13614,20.079
1492.9,13622,20.086
1494.6,13630,20.093
1496.3,13639,20.1
1498,13647,20.107
1499.7,13655,20.113
1501.5,13664,20.12
1503.2,13672,20.127
1504.9,13680,20.134
1506.6,13689,20.141
1508.3,13697,20.148
1510,13705,20.155
1511.7,13714,20.162
1513.5,13722,20.169
1515.2,13730,20.176
1516.9,13739,20.183
1518.6,13747,20.19
1520.4,13755,20.197
1522.1,13764,20.203
1523.8,13772,20.21
1525.6,13781,20.217
1527.3,13789,20.224
1529,13797,20.231
1530.8,13806,20.238
1532.5,13814,20.245
1534.2,13822,20.252
1536,13831,20.259
1537.7,13839,20.266
1539.5,13848,20.273
1541.2,13856,20.28
1543,13865,20.287
1544.7,13873,20.294
1546.5,13881,20.301
1548.2,13890,20.308
1550,13898,20.315
1551.7,13907,20.322
1553.5,13915,20.329
1555.3,13924,20.336
1557,13932,20.343
1558.8,13941,20.35
1560.5,13949,20.357
1562.3,13958,20.364
1564.1,13966,20.371
1565.9,13975,20.378
1567.6,13983,20.385
1569.4,13991,20.392
1571.2,14000,20.399
1573,14008,20.406
1574.8,14017,20.413
1576.5,14026,20.42
1578.3,14034,20.427
1580.1,14043,20.434
1581.9,14051,20.441
1583.7,14060,20.448
1585.5,14068,20.455
1587.3,14077,20.462
1589.1,14085,20.469
1590.9,14094,20.476
1592.7,14102,20.483
1594.5,14111,20.49
1596.3,14119,20.497
1598.1,14128,20.504
1599.9,14137,20.511
1601.7,14145,20.518
1603.5,14154,20.525
1605.3,14162,20.532
1607.1,14171,20.54
1608.9,14179,20.547
1610.7,14188,20.554
1612.6,14197,20.561
1614.4,14205,20.568
1616.2,14214,20.575
1618,14222,20.582
1619.8,14231,20.589
1621.7,14240,20.596
1623.5,14248,20.603
1625.3,14257,20.61
1627.2,14266,20.617
1629,14274,20.624
1630.8,14283,20.631
1632.7,14291,20.639
1634.5,14300,20.646
1636.3,14309,20.653
1638.2,14317,20.66
1640,14326,20.667
1641.9,14335,20.674
1643.7,14343,20.681
1645.6,14352,20.688
1647.4,14361,20.695
1649.3,14369,20.702
1651.1,14378,20.71
1653,14387,20.717
1654.9,14396,20.724
1656.7,14404,20.731
1658.6,14413,20.738
1660.4,14422,20.745
1662.3,14430,20.752
1664.2,14439,20.759
1666.1,14448,20.767
1667.9,14457,20.774
1669.8,14465,20.781
1671.7,14474,20.788
1673.6,14483,20.795
1675.4,14492,20.802
1677.3,14500,20.809
1679.2,14509,20.817
1681.1,14518,20.824
1683,14527,20.831
1684.9,14535,20.838
1686.8,14544,20.845
1688.6,14553,20.852
1690.5,14562,20.86
1692.4,14571,20.867
1694.3,14579,20.874
1696.2,14588,20.881
1698.1,14597,20.888
1700,14606,20.895
1701.9,14615,20.903
1703.9,14623,20.91
1705.8,14632,20.917
1707.7,14641,20.924
1709.6,14650,20.931
1711.5,14659,20.939
1713.4,14667,20.946
1715.3,14676,20.953
1717.3,14685,20.96
1719.2,14694,20.967
1721.1,14703,20.975
1723,14712,20.982
1725,14721,20.989
1726.9,14729,20.996
1728.8,14738,21.003
1730.7,14747,21.011
1732.7,14756,21.018
1734.6,14765,21.025
1736.6,14774,21.032
1738.5,14783,21.04
1740.4,14792,21.047
1742.4,14801,21.054
1744.3,14810,21.061
1746.3,14818,21.069
1748.2,14827,21.076
1750.2,14836,21.083
1752.1,14845,21.09
1754.1,14854,21.098
1756.1,14863,21.105
1758,14872,21.112
1760,14881,21.119
1761.9,14890,21.127
1763.9,14899,21.134
1765.9,14908,21.141
1767.8,14917,21.148
1769.8,14926,21.156
1771.8,14935,21.163
1773.8,14944,21.17
1775.8,14953,21.177
1777.7,14962,21.185
1779.7,14971,21.192
1781.7,14980,21.199
1783.7,14989,21.207
1785.7,14998,21.214
1787.7,15007,21.221
1789.6,15016,21.228
1791.6,15025,21.236
1793.6,15034,21.243
1795.6,15043,21.25
1797.6,15052,21.258
1799.6,15061,21.265
1801.6,15070,21.272
1803.6,15079,21.28
1805.6,15088,21.287
1807.7,15097,21.294
1809.7,15106,21.302
1811.7,15115,21.309
1813.7,15124,21.316
1815.7,15133,21.324
1817.7,15142,21.331
1819.7,15152,21.338
1821.8,15161,21.346
1823.8,15170,21.353
1825.8,15179,21.36
1827.8,15188,21.368
1829.9,15197,21.375
1831.9,15206,21.382
1833.9,15215,21.39
1836,15224,21.397
1838,15234,21.404
1840,15243,21.412
1842.1,15252,21.419
1844.1,15261,21.426
1846.2,15270,21.434
1848.2,15279,21.441
1850.3,15288,21.448
1852.3,15298,21.456
1854.4,15307,21.463
1856.4,15316,21.471
1858.5,15325,21.478
1860.6,15334,21.485
1862.6,15343,21.493
1864.7,15353,21.5
1866.8,15362,21.508
1868.8,15371,21.515
1870.9,15380,21.522
1873,15389,21.53
1875,15399,21.537
1877.1,15408,21.545
1879.2,15417,21.552
1881.3,15426,21.559
1883.3,15435,21.567
1885.4,15445,21.574
1887.5,15454,21.582
1889.6,15463,21.589
1891.7,15472,21.596
1893.8,15482,21.604
1895.9,15491,21.611
1898,15500,21.619
1900.1,15509,21.626
1902.2,15519,21.634
1904.3,15528,21.641
1906.4,15537,21.648
1908.5,15547,21.656
1910.6,15556,21.663
1912.7,15565,21.671
1914.8,15575,21.678
1916.9,15584,21.686
1919,15593,21.693
1921.2,15602,21.701
1923.3,15612,21.708
1925.4,15621,21.716
1927.5,15630,21.723
1929.7,15640,21.731
1931.8,15649,21.738
1933.9,15658,21.745
1936.1,15668,21.753
1938.2,15677,21.76
1940.3,15686,21.768
1942.5,15696,21.775
1944.6,15705,21.783
1946.7,15715,21.79
1948.9,15724,21.798
1951,15733,21.805
1953.2,15743,21.813
1955.3,15752,21.82
1957.5,15762,21.828
1959.6,15771,21.835
1961.8,15780,21.843
1964,15790,21.85
1966.1,15799,21.858
1968.3,15809,21.865
1970.4,15818,21.873
1972.6,15827,21.88
1974.8,15837,21.888
1977,15846,21.895
1979.1,15856,21.903
1981.3,15865,21.911
1983.5,15875,21.918
1985.7,15884,21.926
1987.8,15894,21.933
1990,15903,21.941
1992.2,15912,21.948
1994.4,15922,21.956
1996.6,15931,21.963
1998.8,15941,21.971
2001,15950,21.978
2003.2,15960,21.986
2005.4,15969,21.994
2007.6,15979,22.001
2009.8,15988,22.009
2012,15998,22.016
2014.2,16007,22.024
2016.4,16017,22.031
2018.6,16026,22.039
2020.8,16036,22.047
2023,16046,22.054
2025.3,16055,22.062
2027.5,16065,22.069
2029.7,16074,22.077
2031.9,16084,22.084
2034.2,16093,22.092
2036.4,16103,22.1
2038.6,16112,22.107
2040.8,16122,22.115
2043.1,16132,22.122
2045.3,16141,22.13
2047.6,16151,22.138
2049.8,16160,22.145
2052,16170,22.153
2054.3,16180,22.161
2056.5,16189,22.168
2058.8,16199,22.176
2061,16208,22.183
2063.3,16218,22.191
2065.6,16228,22.199
2067.8,16237,22.206
2070.1,16247,22.214
2072.3,16257,22.222
2074.6,16266,22.229
2076.9,16276,22.237
2079.1,16286,22.244
2081.4,16295,22.252
2083.7,16305,22.26
2086,16315,22.267
2088.2,16324,22.275
2090.5,16334,22.283
2092.8,16344,22.29
2095.1,16353,22.298
2097.4,16363,22.306
2099.7,16373,22.313
2102,16382,22.321
2104.2,16392,22.329
2106.5,16402,22.336
2108.8,16412,22.344
2111.1,16421,22.352
2113.4,16431,22.359
2115.7,16441,22.367
2118.1,16451,22.375
2120.4,16460,22.383
2122.7,16470,22.39
2125,16480,22.398
2127.3,16490,22.406
2129.6,16499,22.413
2131.9,16509,22.421
2134.3,16519,22.429
2136.6,16529,22.436
2138.9,16538,22.444
2141.2,16548,22.452
2143.6,16558,22.46
2145.9,16568,22.467
2148.2,16578,22.475
2150.6,16587,22.483
2152.9,16597,22.491
2155.3,16607,22.498
2157.6,16617,22.506
2159.9,16627,22.514
2162.3,16637,22.521
2164.6,16646,22.529
2167,16656,22.537
2169.3,16666,22.545
2171.7,16676,22.552
2174.1,16686,22.56
2176.4,16696,22.568
2178.8,16706,22.576
2181.2,16715,22.584
2183.5,16725,22.591
2185.9,16735,22.599
2188.3,16745,22.607
2190.6,16755,22.615
2193,16765,22.622
2195.4,16775,22.63
2197.8,16785,22.638
2200.2,16795,22.646
2202.6,16805,22.654
2204.9,16814,22.661
2207.3,16824,22.669
2209.7,16834,22.677
2212.1,16844,22.685
2214.5,16854,22.692
2216.9,16864,22.7
2219.3,16874,22.708
2221.7,16884,22.716
2224.1,16894,22.724
2226.5,16904,22.732
2229,16914,22.739
2231.4,16924,22.747
2233.8,16934,22.755
2236.2,16944,22.763
2238.6,16954,22.771
2241,16964,22.778
2243.5,16974,22.786
2245.9,16984,22.794
2248.3,16994,22.802
2250.8,17004,22.81
2253.2,17014,22.818
2255.6,17024,22.826
2258.1,17034,22.833
2260.5,17044,22.841
2263,17054,22.849
2265.4,17064,22.857
2267.9,17074,22.865
2270.3,17084,22.873
2272.8,17094,22.881
2275.2,17104,22.888
2277.7,17115,22.896
2280.1,17125,22.904
2282.6,17135,22.912
2285.1,17145,22.92
2287.5,17155,22.928
2290,17165,22.936
2292.5,17175,22.944
2294.9,17185,22.951
2297.4,17195,22.959
2299.9,17205,22.967
2302.4,17216,22.975
2304.9,17226,22.983
2307.3,17236,22.991
2309.8,17246,22.999
2312.3,17256,23.007
2314.8,17266,23.015
2317.3,17276,23.023
2319.8,17287,23.03
2322.3,17297,23.038
2324.8,17307,23.046
2327.3,17317,23.054
2329.8,17327,23.062
2332.3,17337,23.07
2334.8,17348,23.078
2337.4,17358,23.086
2339.9,17368,23.094
2342.4,17378,23.102
2344.9,17388,23.11
2347.4,17399,23.118
2349.9,17409,23.126
2352.5,17419,23.134
2355,17429,23.142
2357.5,17440,23.15
2360.1,17450,23.158
2362.6,17460,23.166
2365.2,17470,23.173
2367.7,17481,23.181
2370.2,17491,23.189
2372.8,17501,23.197
2375.3,17511,23.205
2377.9,17522,23.213
2380.4,17532,23.221
2383,17542,23.229
2385.6,17553,23.237
2388.1,17563,23.245
2390.7,17573,23.253
2393.3,17583,23.261
2395.8,17594,23.269
2398.4,17604,23.277
2401,17614,23.285
2403.5,17625,23.293
2406.1,17635,23.301
2408.7,17645,23.309
2411.3,17656,23.317
2413.9,17666,23.325
2416.5,17676,23.333
2419,17687,23.341
2421.6,17697,23.349
2424.2,17708,23.357
2426.8,17718,23.366
2429.4,17728,23.374
2432,17739,23.382
2434.6,17749,23.39
2437.2,17759,23.398
2439.8,17770,23.406
2442.5,17780,23.414
2445.1,17791,23.422
2447.7,17801,23.43
2450.3,17811,23.438
2452.9,17822,23.446
2455.6,17832,23.454
2458.2,17843,23.462
2460.8,17853,23.47
2463.4,17864,23.478
2466.1,17874,23.486
2468.7,17885,23.494
2471.4,17895,23.502
2474,17906,23.511
2476.6,17916,23.519
2479.3,17926,23.527
2481.9,17937,23.535
2484.6,17947,23.543
2487.2,17958,23.551
2489.9,17968,23.559
2492.6,17979,23.567
2495.2,17989,23.575
2497.9,18000,23.583
2500.5,18010,23.592
2503.2,18021,23.6
2505.9,18032,23.608
2508.6,18042,23.616
2511.2,18053,23.624
2513.9,18063,23.632
2516.6,18074,23.64
2519.3,18084,23.648
2522,18095,23.657
2524.7,18105,23.665
2527.3,18116,23.673
2530,18127,23.681
2532.7,18137,23.689
2535.4,18148,23.697
2538.1,18158,23.705
2540.8,18169,23.714
2543.5,18180,23.722
2546.3,18190,23.73
2549,18201,23.738
2551.7,18211,23.746
2554.4,18222,23.754
2557.1,18233,23.763
2559.8,18243,23.771
2562.6,18254,23.779
2565.3,18265,23.787
2568,18275,23.795
2570.7,18286,23.803
2573.5,18296,23.812
2576.2,18307,23.82
2579,18318,23.828
2581.7,18329,23.836
2584.4,18339,23.844
2587.2,18350,23.853
2589.9,18361,23.861
2592.7,18371,23.869
2595.4,18382,23.877
2598.2,18393,23.885
2601,18403,23.894
2603.7,18414,23.902
2606.5,18425,23.91
2609.2,18436,23.918
2612,18446,23.927
2614.8,18457,23.935
2617.6,18468,23.943
2620.3,18479,23.951
2623.1,18489,23.959
2625.9,18500,23.968
2628.7,18511,23.976
2631.5,18522,23.984
2634.3,18532,23.992
2637.1,18543,24.001
2639.9,18554,24.009
2642.7,18565,24.017
2645.5,18576,24.026
2648.3,18586,24.034
2651.1,18597,24.042
2653.9,18608,24.05
2656.7,18619,24.059
2659.5,18630,24.067
2662.3,18640,24.075
2665.1,18651,24.083
2668,18662,24.092
2670.8,18673,24.1
2673.6,18684,24.108
2676.4,18695,24.117
2679.3,18706,24.125
2682.1,18716,24.133
2684.9,18727,24.141
2687.8,18738,24.15
2690.6,18749,24.158
2693.5,18760,24.166
2696.3,18771,24.175
2699.2,18782,24.183
2702,18793,24.191
2704.9,18804,24.2
2707.7,18814,24.208
2710.6,18825,24.216
2713.4,18836,24.225
2716.3,18847,24.233
2719.2,18858,24.241
2722.1,18869,24.25
2724.9,18880,24.258
2727.8,18891,24.266
2730.7,18902,24.275
2733.6,18913,24.283
2736.5,18924,24.291
2739.3,18935,24.3
2742.2,18946,24.308
2745.1,18957,24.316
2748,18968,24.325
2750.9,18979,24.333
2753.8,18990,24.342
2756.7,19001,24.35
2759.6,19012,24.358
2762.5,19023,24.367
2765.4,19034,24.375
2768.4,19045,24.383
2771.3,19056,24.392
2774.2,19067,24.4
2777.1,19078,24.409
2780,19089,24.417
2783,19100,24.425
2785.9,19111,24.434
2788.8,19122,24.442
2791.8,19133,24.451
2794.7,19144,24.459
2797.6,19156,24.467
2800.6,19167,24.476
2803.5,19178,24.484
2806.5,19189,24.493
2809.4,19200,24.501
2812.4,19211,24.51
2815.3,19222,24.518
2818.3,19233,24.526
2821.3,19244,24.535
2824.2,19256,24.543
2827.2,19267,24.552
2830.2,19278,24.56
2833.1,19289,24.569
2836.1,19300,24.577
2839.1,19311,24.586
2842.1,19323,24.594
2845.1,19334,24.602
2848,19345,24.611
2851,19356,24.619
2854,19367,24.628
2857,19378,24.636
2860,19390,24.645
2863,19401,24.653
2866,19412,24.662
2869,19423,24.67
2872,19434,24.679
2875.1,19446,24.687
2878.1,19457,24.696
2881.1,19468,24.704
2884.1,19479,24.713
2887.1,19491,24.721
2890.1,19502,24.73
2893.2,19513,24.738
2896.2,19524,24.747
2899.2,19536,24.755
2902.3,19547,24.764
2905.3,19558,24.772
2908.4,19570,24.781
2911.4,19581,24.789
2914.5,19592,24.798
2917.5,19603,24.806
2920.6,19615,24.815
2923.6,19626,24.823
2926.7,19637,24.832
2929.7,19649,24.841
2932.8,19660,24.849
2935.9,19671,24.858
2938.9,19683,24.866
2942,19694,24.875
2945.1,19705,24.883
2948.2,19717,24.892
2951.2,19728,24.9
2954.3,19740,24.909
2957.4,19751,24.918
2960.5,19762,24.926
2963.6,19774,24.935
2966.7,19785,24.943
2969.8,19796,24.952
2972.9,19808,24.96
2976,19819,24.969
2979.1,19831,24.978
2982.2,19842,24.986
2985.3,19854,24.995
2988.4,19865,25.003
2991.5,19876,25.012
2994.7,19888,25.021
2997.8,19899,25.029
3000.9,19911,25.038
3004.1,19922,25.046
3007.2,19934,25.055
3010.3,19945,25.064
3013.5,19957,25.072
3016.6,19968,25.081
3019.7,19980,25.09
3022.9,19991,25.098
3026,20003,25.107
3029.2,20014,25.115
3032.3,20026,25.124
3035.5,20037,25.133
3038.7,20049,25.141
3041.8,20060,25.15
3045,20072,25.159
3048.2,20083,25.167
3051.3,20095,25.176
3054.5,20106,25.185
3057.7,20118,25.193
3060.9,20129,25.202
3064,20141,25.211
3067.2,20153,25.219
3070.4,20164,25.228
3073.6,20176,25.237
3076.8,20187,25.245
3080,20199,25.254
3083.2,20210,25.263
3086.4,20222,25.271
3089.6,20234,25.28
3092.8,20245,25.289
3096,20257,25.297
3099.3,20269,25.306
3102.5,20280,25.315
3105.7,20292,25.324
3108.9,20303,25.332
3112.2,20315,25.341
3115.4,20327,25.35
3118.6,20338,25.358
3121.8,20350,25.367
3125.1,20362,25.376
3128.3,20373,25.385
3131.6,20385,25.393
3134.8,20397,25.402
3138.1,20409,25.411
3141.3,20420,25.42
3144.6,20432,25.428
3147.8,20444,25.437
3151.1,20455,25.446
3154.4,20467,25.455
3157.6,20479,25.463
3160.9,20491,25.472
3164.2,20502,25.481
3167.5,20514,25.49
3170.7,20526,25.498
3174,20538,25.507
3177.3,20549,25.516
3180.6,20561,25.525
3183.9,20573,25.534
3187.2,20585,25.542
3190.5,20596,25.551
3193.8,20608,25.56
3197.1,20620,25.569
3200.4,20632,25.577
3203.7,20644,25.586
3207,20655,25.595
3210.3,20667,25.604
3213.7,20679,25.613
3217,20691,25.622
3220.3,20703,25.63
3223.6,20715,25.639
3227,20726,25.648
3230.3,20738,25.657
3233.6,20750,25.666
3237,20762,25.674
3240.3,20774,25.683
3243.7,20786,25.692
3247,20798,25.701
3250.4,20810,25.71
3253.7,20821,25.719
3257.1,20833,25.727
3260.4,20845,25.736
3263.8,20857,25.745
3267.2,20869,25.754
3270.5,20881,25.763
3273.9,20893,25.772
3277.3,20905,25.781
3280.7,20917,25.789
3284.1,20929,25.798
3287.4,20941,25.807
3290.8,20953,25.816
3294.2,20965,25.825
3297.6,20977,25.834
3301,20989,25.843
3304.4,21001,25.852
3307.8,21013,25.861
3311.2,21025,25.869
3314.6,21037,25.878
3318,21049,25.887
3321.5,21061,25.896
3324.9,21073,25.905
3328.3,21085,25.914
3331.7,21097,25.923
3335.2,21109,25.932
3338.6,21121,25.941
3342,21133,25.95
3345.5,21145,25.959
3348.9,21157,25.968
3352.3,21169,25.976
3355.8,21181,25.985
3359.2,21193,25.994
3362.7,21205,26.003
3366.1,21217,26.012
3369.6,21229,26.021
3373.1,21241,26.03
3376.5,21254,26.039
3380,21266,26.048
3383.5,21278,26.057
3386.9,21290,26.066
3390.4,21302,26.075
3393.9,21314,26.084
3397.4,21326,26.093
3400.9,21338,26.102
3404.4,21351,26.111
3407.9,21363,26.12
3411.4,21375,26.129
3414.9,21387,26.138
3418.4,21399,26.147
3421.9,21411,26.156
3425.4,21424,26.165
3428.9,21436,26.174
3432.4,21448,26.183
3435.9,21460,26.192
3439.4,21472,26.201
3443,21485,26.21
3446.5,21497,26.219
3450,21509,26.228
3453.6,21521,26.237
3457.1,21534,26.246
3460.6,21546,26.255
3464.2,21558,26.264
3467.7,21570,26.273
3471.3,21583,26.282
3474.8,21595,26.291
3478.4,21607,26.3
3481.9,21619,26.309
3485.5,21632,26.318
3489.1,21644,26.327
3492.6,21656,26.336
3496.2,21669,26.345
3499.8,21681,26.354
3503.4,21693,26.364
3507,21706,26.373
3510.5,21718,26.382
3514.1,21730,26.391
3517.7,21743,26.4
3521.3,21755,26.409
3524.9,21767,26.418
3528.5,21780,26.427
3532.1,21792,26.436
3535.7,21804,26.445
3539.3,21817,26.454
3542.9,21829,26.463
3546.6,21841,26.473
3550.2,21854,26.482
3553.8,21866,26.491
3557.4,21879,26.5
3561.1,21891,26.509
3564.7,21904,26.518
3568.3,21916,26.527
3572,21928,26.536
3575.6,21941,26.546
3579.3,21953,26.555
3582.9,21966,26.564
3586.6,21978,26.573
3590.2,21991,26.582
3593.9,22003,26.591
3597.5,22016,26.6
3601.2,22028,26.61
3604.9,22040,26.619
3608.5,22053,26.628
3612.2,22065,26.637
3615.9,22078,26.646
3619.6,22090,26.655
3623.3,22103,26.665
3627,22116,26.674
3630.7,22128,26.683
3634.3,22141,26.692
3638,22153,26.701
3641.7,22166,26.71
3645.5,22178,26.72
3649.2,22191,26.729
3652.9,22203,26.738
3656.6,22216,26.747
3660.3,22228,26.756
3664,22241,26.766
3667.8,22254,26.775
3671.5,22266,26.784
3675.2,22279,26.793
3678.9,22291,26.802
3682.7,22304,26.812
3686.4,22317,26.821
3690.2,22329,26.83
3693.9,22342,26.839
3697.7,22355,26.849
3701.4,22367,26.858
3705.2,22380,26.867
3708.9,22392,26.876
3712.7,22405,26.886
3716.5,22418,26.895
3720.2,22430,26.904
3724,22443,26.913
3727.8,22456,26.923
3731.6,22468,26.932
3735.4,22481,26.941
3739.2,22494,26.95
3742.9,22507,26.96
3746.7,22519,26.969
3750.5,22532,26.978
3754.3,22545,26.988
3758.1,22557,26.997
3762,22570,27.006
3765.8,22583,27.015
3769.6,22596,27.025
3773.4,22608,27.034
3777.2,22621,27.043
3781,22634,27.053
3784.9,22647,27.062
3788.7,22660,27.071
3792.5,22672,27.081
3796.4,22685,27.09
3800.2,22698,27.099
3804.1,22711,27.108
3807.9,22724,27.118
3811.8,22736,27.127
3815.6,22749,27.136
3819.5,22762,27.146
3823.3,22775,27.155
3827.2,22788,27.164
3831.1,22800,27.174
3835,22813,27.183
3838.8,22826,27.193
3842.7,22839,27.202
3846.6,22852,27.211
3850.5,22865,27.221
3854.4,22878,27.23
3858.3,22891,27.239
3862.2,22903,27.249
3866.1,22916,27.258
3870,22929,27.267
3873.9,22942,27.277
3877.8,22955,27.286
3881.7,22968,27.296
3885.6,22981,27.305
3889.5,22994,27.314
3893.5,23007,27.324
3897.4,23020,27.333
3901.3,23033,27.343
3905.2,23046,27.352
3909.2,23059,27.361
3913.1,23072,27.371
3917.1,23085,27.38
3921,23098,27.39
3925,23111,27.399
3928.9,23124,27.409
3932.9,23137,27.418
3936.8,23150,27.427
3940.8,23163,27.437
3944.8,23176,27.446
3948.8,23189,27.456
3952.7,23202,27.465
3956.7,23215,27.475
3960.7,23228,27.484
3964.7,23241,27.494
3968.7,23254,27.503
3972.7,23267,27.512
3976.7,23280,27.522
3980.7,23293,27.531
3984.7,23306,27.541
3988.7,23319,27.55
3992.7,23332,27.56
3996.7,23346,27.569
4000.7,23359,27.579
4004.7,23372,27.588
4008.8,23385,27.598
4012.8,23398,27.607
4016.8,23411,27.617
4020.9,23424,27.626
4024.9,23437,27.636
4028.9,23451,27.645
4033,23464,27.655
4037,23477,27.664
4041.1,23490,27.674
4045.2,23503,27.683
4049.2,23517,27.693
4053.3,23530,27.702
4057.3,23543,27.712
4061.4,23556,27.721
4065.5,23569,27.731
4069.6,23583,27.741
4073.7,23596,27.75
4077.7,23609,27.76
4081.8,23622,27.769
4085.9,23635,27.779
4090,23649,27.788
4094.1,23662,27.798
4098.2,23675,27.807
4102.3,23689,27.817
4106.4,23702,27.827
4110.6,23715,27.836
4114.7,23728,27.846
4118.8,23742,27.855
4122.9,23755,27.865
4127.1,23768,27.874
4131.2,23782,27.884
4135.3,23795,27.894
4139.5,23808,27.903
4143.6,23822,27.913
4147.8,23835,27.922
4151.9,23848,27.932
4156.1,23862,27.942
4160.2,23875,27.951
4164.4,23888,27.961
4168.5,23902,27.97
4172.7,23915,27.98
4176.9,23928,27.99
4181.1,23942,27.999
4185.2,23955,28.009
4189.4,23969,28.019
4193.6,23982,28.028
4197.8,23995,28.038
4202,24009,28.048
4206.2,24022,28.057
4210.4,24036,28.067
4214.6,24049,28.077
4218.8,24063,28.086
4223,24076,28.096
4227.2,24089,28.106
4231.5,24103,28.115
4235.7,24116,28.125
4239.9,24130,28.135
4244.1,24143,28.144
4248.4,24157,28.154
4252.6,24170,28.164
4256.9,24184,28.173
4261.1,24197,28.183
4265.3,24211,28.193
4269.6,24224,28.202
4273.9,24238,28.212
4278.1,24251,28.222
4282.4,24265,28.231
4286.7,24279,28.241
4290.9,24292,28.251
4295.2,24306,28.261
4299.5,24319,28.27
4303.8,24333,28.28
4308,24346,28.29
4312.3,24360,28.3
4316.6,24374,28.309
4320.9,24387,28.319
4325.2,24401,28.329
4329.5,24414,28.339
4333.8,24428,28.348
4338.2,24442,28.358
4342.5,24455,28.368
4346.8,24469,28.378
4351.1,24483,28.387
4355.4,24496,28.397
4359.8,24510,28.407
4364.1,24523,28.417
4368.4,24537,28.426
4372.8,24551,28.436
4377.1,24564,28.446
4381.5,24578,28.456
4385.8,24592,28.466
4390.2,24606,28.475
4394.6,24619,28.485
4398.9,24633,28.495
4403.3,24647,28.505
4407.7,24660,28.515
4412,24674,28.524
4416.4,24688,28.534
4420.8,24702,28.544
4425.2,24715,28.554
4429.6,24729,28.564
4434,24743,28.573
4438.4,24757,28.583
4442.8,24770,28.593
4447.2,24784,28.603
4451.6,24798,28.613
4456,24812,28.623
4460.4,24826,28.632
4464.9,24839,28.642
4469.3,24853,28.652
4473.7,24867,28.662
4478.2,24881,28.672
4482.6,24895,28.682
4487,24909,28.692
4491.5,24922,28.701
4495.9,24936,28.711
4500.4,24950,28.721
4504.8,24964,28.731
4509.3,24978,28.741
4513.8,24992,28.751
4518.2,25006,28.761
4522.7,25020,28.771
4527.2,25034,28.781
4531.7,25047,28.79
4536.1,25061,28.8
4540.6,25075,28.81
4545.1,25089,28.82
4549.6,25103,28.83
4554.1,25117,28.84
4558.6,25131,28.85
4563.1,25145,28.86
4567.6,25159,28.87
4572.2,25173,28.88
4576.7,25187,28.89
4581.2,25201,28.9
4585.7,25215,28.91
4590.3,25229,28.92
4594.8,25243,28.929
4599.3,25257,28.939
4603.9,25271,28.949
4608.4,25285,28.959
4613,25299,28.969
4617.5,25313,28.979
4622.1,25327,28.989
4626.6,25341,28.999
4631.2,25355,29.009
4635.8,25369,29.019
4640.4,25383,29.029
4644.9,25397,29.039
4649.5,25411,29.049
4654.1,25425,29.059
4658.7,25440,29.069
4663.3,25454,29.079
4667.9,25468,29.089
4672.5,25482,29.099
4677.1,25496,29.109
4681.7,25510,29.119
4686.3,25524,29.129
4690.9,25538,29.139
4695.5,25552,29.149
4700.2,25567,29.159
4704.8,25581,29.169
4709.4,25595,29.179
4714.1,25609,29.189
4718.7,25623,29.199
4723.4,25637,29.209
4728,25652,29.22
4732.7,25666,29.23
4737.3,25680,29.24
4742,25694,29.25
4746.6,25709,29.26
